payment_id,order_id,customer_id,amount,currency,txn_date,merchant_name,merchant_category,billing_descriptor,descriptor_matches_brand,card_network,card_country,customer_city,is_digital_goods,has_tracking,tracking_number,delivery_days,delivery_date,delivery_confirmed,days_since_delivery,contacted_support,support_contacts_count,past_disputes,past_disputes_won,refund_requested,refund_status,dispute_filed,dispute_type,dispute_date,dispute_reason_code,dispute_outcome
pay_14531675161336,order_829326155336,cust_40102,3095.66,INR,2026-08-18,PixelCraft Digital,digital,PXLCRFT*DIGITAL,True,Mastercard,IN,Hyderabad,True,False,,0,2026-08-18,False,12,False,0,0,0,False,none,False,none,,,
pay_65859463910024,order_508361278207,cust_33496,3500.96,INR,2026-08-22,FitGear Sports,sports,FITGEAR*SPORTS,True,RuPay,IN,Delhi,False,True,India Post-259877461,2,2026-08-24,True,17,False,0,0,0,False,none,False,none,,,
pay_95099628417816,order_156908330480,cust_84766,3005.31,INR,2026-08-07,BookNest Online,books,BKNEST*ONLINE,True,UPI,IN,Ahmedabad,False,True,DTDC-935504321,4,2026-08-11,True,12,False,0,0,0,False,none,False,none,,,
pay_50930816982763,order_900822105632,cust_60272,1117.68,INR,2026-08-10,PixelCraft Digital,digital,PXLCRFT*DIGITAL,False,UPI,IN,Jaipur,True,False,,0,2026-08-10,False,2,True,3,0,0,True,pending,True,legitimate,2026-08-22,U05,won
pay_62826147928578,order_965347817151,cust_24160,3813.54,INR,2026-08-07,BookNest Online,books,BKNEST*ONLINE,True,Visa,IN,Kochi,False,True,Ecom Express-570535289,6,2026-08-13,True,20,False,0,0,0,False,none,True,friendly_fraud,2026-08-27,13.1,lost
pay_38437897533178,order_691966545051,cust_29198,6565.0,INR,2026-08-13,FitGear Sports,sports,FITGEAR*SPORTS,True,Mastercard,IN,Chennai,False,False,,6,2026-08-19,False,30,True,4,0,0,False,none,False,none,,,
pay_93552203149319,order_594389622444,cust_12068,4751.53,INR,2026-08-08,StyleHub Fashion,fashion,STYLHUB*FASHION,True,RuPay,IN,Bangalore,False,True,Delhivery-896413702,4,2026-08-12,True,23,False,0,0,0,False,none,False,none,,,
pay_91252460014978,order_976610350084,cust_66302,3651.09,INR,2026-08-07,PixelCraft Digital,digital,PXLCRFT*DIGITAL,True,RuPay,IN,Pune,True,False,,0,2026-08-07,False,45,True,2,0,0,False,none,False,none,,,
pay_13862399962776,order_153199894466,cust_58819,2807.68,INR,2026-08-21,BookNest Online,books,BKNEST*ONLINE,True,Mastercard,IN,Ahmedabad,False,True,Delhivery-609578849,5,2026-08-26,True,21,True,3,0,0,False,none,True,friendly_fraud,2026-08-31,4855,lost
pay_63705923632197,order_681830843906,cust_28131,2959.13,INR,2026-08-13,BookNest Online,books,BKNEST*ONLINE,True,UPI,IN,Jaipur,False,True,BlueDart-217734861,2,2026-08-15,True,4,False,0,0,0,False,none,False,none,,,
pay_50621462210070,order_235030135894,cust_19359,6630.21,INR,2026-08-09,PixelCraft Digital,digital,PXLCRFT*DIGITAL,True,Visa,IN,Mumbai,True,False,,0,2026-08-09,False,36,False,0,0,0,False,none,False,none,,,
pay_53857500425381,order_459581516648,cust_62531,4573.5,INR,2026-08-05,StyleHub Fashion,fashion,STYLHUB*FASHION,True,Visa,IN,Delhi,False,True,BlueDart-198524063,6,2026-08-11,True,10,False,0,0,0,False,none,False,none,,,
pay_58487705570965,order_171727606899,cust_70604,555.18,INR,2026-08-19,FitGear Sports,sports,FITGEAR*SPORTS,True,Mastercard,IN,Surat,False,True,BlueDart-525146690,3,2026-08-22,True,2,False,0,0,0,False,none,False,none,,,
pay_29332295387819,order_323305433678,cust_93151,3816.71,INR,2026-08-04,FitGear Sports,sports,FITGEAR*SPORTS,True,Visa,IN,Lucknow,False,True,India Post-176467315,4,2026-08-08,True,26,True,4,0,0,True,denied,True,legitimate,2026-08-12,13.3,won
pay_23272266749023,order_821970820395,cust_84847,1144.4,INR,2026-08-18,PixelCraft Digital,digital,PXLCRFT*DIGITAL,True,Mastercard,IN,Lucknow,True,False,,0,2026-08-18,False,26,False,0,0,0,False,none,False,none,,,
pay_51345697985996,order_213048742291,cust_20828,4201.8,INR,2026-08-26,PixelCraft Digital,digital,PXLCRFT*DIGITAL,True,Mastercard,IN,Kochi,True,False,,0,2026-08-26,False,11,False,0,0,0,False,none,False,none,,,
pay_29190858194636,order_532704013236,cust_53478,937.58,INR,2026-08-17,QuickMart Electronics,electronics,QKMART*ELECTRONICS,False,Mastercard,IN,Chennai,False,True,DTDC-921706952,4,2026-08-21,True,18,False,0,3,2,False,none,True,serial_disputer,2026-09-10,4855,won
pay_62520551899071,order_711341716290,cust_19637,4470.01,INR,2026-08-12,FitGear Sports,sports,FITGEAR*SPORTS,False,Mastercard,IN,Pune,False,True,India Post-400347789,7,2026-08-19,True,6,False,0,0,0,False,none,False,none,,,
pay_16234628978059,order_845799730128,cust_14818,3403.99,INR,2026-08-23,FitGear Sports,sports,FITGEAR*SPORTS,True,Mastercard,IN,Indore,False,True,India Post-737609304,6,2026-08-29,True,22,True,2,0,0,False,none,False,none,,,
pay_92099223901286,order_153055280441,cust_75308,6128.42,INR,2026-08-07,FitGear Sports,sports,FITGEAR*SPORTS,True,RuPay,IN,Jaipur,False,True,DTDC-634047267,1,2026-08-08,True,15,False,0,0,0,False,none,False,none,,,
pay_42571445848515,order_877681000654,cust_17698,7923.55,INR,2026-08-18,BookNest Online,books,BKNEST*ONLINE,True,Visa,IN,Jaipur,False,False,,7,2026-08-25,False,26,True,1,0,0,False,none,False,none,,,
pay_28390585086266,order_222355555679,cust_30892,7854.38,INR,2026-08-02,FreshBasket Groceries,groceries,FRESHBSKT*GROC,True,RuPay,IN,Delhi,False,True,India Post-618268171,7,2026-08-09,True,39,True,3,0,0,True,pending,True,legitimate,2026-08-12,R04,won
pay_58488107848880,order_958259250541,cust_63843,3880.93,INR,2026-08-24,BookNest Online,books,BKNEST*ONLINE,True,UPI,IN,Indore,False,True,India Post-179189225,2,2026-08-26,True,43,False,0,0,0,False,none,False,none,,,
pay_16543015328413,order_799764532583,cust_24019,5800.04,INR,2026-08-24,FreshBasket Groceries,groceries,FRESHBSKT*GROC,True,RuPay,IN,Chennai,False,True,Delhivery-229649816,15,2026-09-08,True,12,True,3,0,0,False,none,True,late_delivery,2026-10-05,R07,lost
pay_97713276228337,order_536766840508,cust_23154,2722.09,INR,2026-08-19,FreshBasket Groceries,groceries,FRESHBSKT*GROC,False,Mastercard,IN,Nagpur,False,True,BlueDart-664735673,4,2026-08-23,False,16,True,2,0,0,False,none,False,none,,,
pay_69533766825970,order_713249868174,cust_31579,7229.2,INR,2026-08-13,BookNest Online,books,BKNEST*ONLINE,True,Mastercard,IN,Pune,False,False,,4,2026-08-17,False,29,False,0,0,0,False,none,False,none,,,
pay_63899107864655,order_267161100172,cust_85223,917.2,INR,2026-08-19,StyleHub Fashion,fashion,STYLHUB*FASHION,False,Visa,IN,Surat,False,True,Delhivery-895406424,5,2026-08-24,True,26,False,0,0,0,False,none,True,friendly_fraud,2026-09-11,13.1,won
pay_40738331910266,order_373855101806,cust_69634,3877.12,INR,2026-08-05,FitGear Sports,sports,FITGEAR*SPORTS,True,Visa,IN,Kochi,False,True,DTDC-546510829,6,2026-08-11,True,42,False,0,0,0,False,none,False,none,,,
pay_30919820178304,order_531067908666,cust_87337,19548.51,INR,2026-08-19,FitGear Sports,sports,FITGEAR*SPORTS,True,RuPay,US,Bhopal,False,False,,3,2026-08-22,False,10,False,0,0,0,False,none,True,cross_border,2026-09-14,R01,lost
pay_58697307589554,order_375216607657,cust_26912,6165.24,INR,2026-08-06,FitGear Sports,sports,FITGEAR*SPORTS,True,RuPay,IN,Pune,False,True,BlueDart-992699085,1,2026-08-07,True,45,False,0,0,0,False,none,False,none,,,
pay_26298068373637,order_587121341878,cust_59177,6357.6,INR,2026-08-21,QuickMart Electronics,electronics,QKMART*ELECTRONICS,True,Mastercard,IN,Bhopal,False,True,India Post-769085879,1,2026-08-22,True,1,True,2,0,0,True,pending,True,legitimate,2026-08-26,4834,won
pay_39748840650462,order_913497602318,cust_39878,1277.37,INR,2026-08-10,StyleHub Fashion,fashion,STYLHUB*FASHION,True,RuPay,IN,Bangalore,False,True,Ecom Express-931109347,7,2026-08-17,True,10,False,0,0,0,False,none,True,friendly_fraud,2026-08-26,R07,lost
pay_27333424768826,order_901396117733,cust_37925,3576.23,INR,2026-08-06,QuickMart Electronics,electronics,QKMART*ELECTRONICS,True,RuPay,IN,Surat,False,True,Ecom Express-761506578,6,2026-08-12,True,8,False,0,0,0,False,none,False,none,,,
pay_50402034496010,order_808999160978,cust_49691,3592.89,INR,2026-08-16,FreshBasket Groceries,groceries,FRESHBSKT*GROC,False,Mastercard,IN,Indore,False,True,BlueDart-477895080,5,2026-08-21,False,23,False,0,0,0,False,none,False,none,,,
pay_95309219758656,order_455978468147,cust_16366,4289.41,INR,2026-08-01,FreshBasket Groceries,groceries,FRESHBSKT*GROC,True,UPI,IN,Jaipur,False,True,India Post-618544245,26,2026-08-27,True,13,True,6,0,0,False,none,True,late_delivery,2026-09-02,U05,won
pay_21545187800453,order_268654655654,cust_59207,4468.55,INR,2026-08-12,BookNest Online,books,BKNEST*ONLINE,True,Mastercard,IN,Pune,False,True,India Post-809391059,4,2026-08-16,True,45,False,0,0,0,False,none,False,none,,,
pay_85661109581467,order_285923423266,cust_63626,5258.9,INR,2026-08-17,BookNest Online,books,BKNEST*ONLINE,True,UPI,IN,Surat,False,True,Ecom Express-624737111,2,2026-08-19,True,17,True,2,0,0,False,none,False,none,,,
pay_59410804328537,order_812186961287,cust_50668,720.39,INR,2026-08-17,BookNest Online,books,BKNEST*ONLINE,True,Mastercard,IN,Kochi,False,True,DTDC-936571442,2,2026-08-19,False,12,False,0,0,0,False,none,False,none,,,
pay_56380759975774,order_466962963204,cust_74985,5794.83,INR,2026-08-08,StyleHub Fashion,fashion,STYLHUB*FASHION,True,Visa,IN,Lucknow,False,True,Ecom Express-214860711,2,2026-08-10,True,39,False,0,0,0,False,none,False,none,,,
pay_48274398154818,order_182607731203,cust_67014,2093.04,INR,2026-08-05,FitGear Sports,sports,FITGEAR*SPORTS,True,Visa,IN,Surat,False,True,Delhivery-413184748,3,2026-08-08,True,12,False,0,0,0,False,none,True,friendly_fraud,2026-08-21,13.1,lost
pay_47005712550440,order_789671467426,cust_31884,12870.08,INR,2026-08-17,BookNest Online,books,BKNEST*ONLINE,True,UPI,IN,Kolkata,False,True,DTDC-886983862,1,2026-08-18,True,15,False,0,0,0,False,none,True,friendly_fraud,2026-09-06,U05,won
pay_16815091987558,order_207571505778,cust_74843,6616.12,INR,2026-08-14,FitGear Sports,sports,FITGEAR*SPORTS,True,Mastercard,IN,Chennai,False,True,DTDC-462661837,5,2026-08-19,True,21,False,0,0,0,False,none,False,none,,,
pay_36820056568972,order_843106291386,cust_60242,7726.06,INR,2026-08-14,PixelCraft Digital,digital,PXLCRFT*DIGITAL,True,Mastercard,IN,Mumbai,True,False,,0,2026-08-14,False,0,True,3,0,0,True,denied,True,legitimate,2026-08-27,4855,won
pay_80271015332227,order_819624530104,cust_12125,5955.64,INR,2026-08-08,BookNest Online,books,BKNEST*ONLINE,True,Visa,IN,Chennai,False,True,India Post-721849977,6,2026-08-14,True,24,False,0,0,0,False,none,False,none,,,
pay_28445243993978,order_514882014361,cust_48770,1323.22,INR,2026-08-05,BookNest Online,books,BKNEST*ONLINE,False,Visa,IN,Nagpur,False,True,India Post-927720428,5,2026-08-10,True,21,False,0,0,0,False,none,False,none,,,
pay_59535352149724,order_606142644953,cust_24936,1656.08,INR,2026-08-11,FitGear Sports,sports,FITGEAR*SPORTS,True,Visa,IN,Chennai,False,True,Ecom Express-666629680,6,2026-08-17,True,7,False,0,0,0,False,none,False,none,,,
pay_87692001861608,order_781304820142,cust_22156,2758.43,INR,2026-08-25,FreshBasket Groceries,groceries,FRESHBSKT*GROC,True,Visa,IN,Pune,False,True,DTDC-748245888,3,2026-08-28,True,24,False,0,0,0,False,none,False,none,,,
pay_86144927080016,order_778759018230,cust_79942,6833.35,INR,2026-08-11,PixelCraft Digital,digital,PXLCRFT*DIGITAL,True,Visa,IN,Pune,True,False,,0,2026-08-11,False,31,False,0,0,0,False,none,False,none,,,
pay_23935686776374,order_640451596522,cust_64935,7573.14,INR,2026-08-23,PixelCraft Digital,digital,PXLCRFT*DIGITAL,True,UPI,IN,Lucknow,True,False,,0,2026-08-23,False,26,False,0,0,0,False,none,False,none,,,
pay_70778482625921,order_916458527301,cust_22463,3249.37,INR,2026-08-15,FreshBasket Groceries,groceries,FRESHBSKT*GROC,False,Mastercard,IN,Kolkata,False,True,DTDC-501902658,2,2026-08-17,True,5,False,0,0,0,False,none,False,none,,,
pay_26806961422656,order_877443476215,cust_17589,2246.69,INR,2026-08-10,PixelCraft Digital,digital,PXLCRFT*DIGITAL,False,RuPay,IN,Hyderabad,True,True,BlueDart-566523205,0,2026-08-10,True,30,False,0,0,0,False,none,True,friendly_fraud,2026-09-05,R07,lost
pay_43213270865061,order_812013301904,cust_77251,3308.47,INR,2026-08-21,QuickMart Electronics,electronics,QKMART*ELECTRONICS,True,Visa,IN,Indore,False,True,Delhivery-133436988,2,2026-08-23,True,8,False,0,0,0,False,none,False,none,,,
pay_87999892421253,order_745134828528,cust_37801,823.31,INR,2026-08-15,FreshBasket Groceries,groceries,FRESHBSKT*GROC,True,UPI,IN,Surat,False,True,BlueDart-154308262,7,2026-08-22,True,13,False,0,0,0,False,none,False,none,,,
pay_36760380507043,order_377544614206,cust_16428,5982.63,INR,2026-08-25,FitGear Sports,sports,FITGEAR*SPORTS,True,UPI,IN,Bhopal,False,True,Ecom Express-994253959,3,2026-08-28,True,14,False,0,0,0,False,none,False,none,,,
pay_16502685392399,order_772055593219,cust_40784,836.85,INR,2026-08-11,PixelCraft Digital,digital,PXLCRFT*DIGITAL,True,RuPay,IN,Surat,True,False,,0,2026-08-11,False,9,False,0,0,0,False,none,False,none,,,
pay_91441634147349,order_732700038683,cust_43586,3773.23,INR,2026-08-07,QuickMart Electronics,electronics,QKMART*ELECTRONICS,True,Mastercard,IN,Indore,False,True,India Post-752027025,6,2026-08-13,True,19,False,0,0,0,False,none,False,none,,,
pay_15876044551904,order_727086828207,cust_53478,6950.27,INR,2026-08-26,PixelCraft Digital,digital,PXLCRFT*DIGITAL,False,UPI,IN,Kolkata,True,False,,0,2026-08-26,True,11,False,0,4,3,False,none,True,serial_disputer,2026-09-02,U01,won
pay_34678085169848,order_436632596465,cust_32833,8846.4,INR,2026-08-26,PixelCraft Digital,digital,PXLCRFT*DIGITAL,True,UPI,IN,Kochi,True,True,India Post-844704803,0,2026-08-26,True,15,False,0,0,0,False,none,True,friendly_fraud,2026-09-16,U05,lost
pay_53485523428646,order_473325160967,cust_94239,4946.84,INR,2026-08-20,FitGear Sports,sports,FITGEAR*SPORTS,True,UPI,IN,Jaipur,False,False,,6,2026-08-26,False,11,False,0,0,0,False,none,False,none,,,
pay_62098651894505,order_329159142739,cust_96673,648.56,INR,2026-08-23,StyleHub Fashion,fashion,STYLHUB*FASHION,True,Mastercard,IN,Hyderabad,False,True,BlueDart-349957310,7,2026-08-30,True,23,False,0,0,0,False,none,False,none,,,
pay_29897266802360,order_527395738401,cust_48986,5677.01,INR,2026-08-22,FitGear Sports,sports,FITGEAR*SPORTS,False,Visa,IN,Bhopal,False,True,BlueDart-821672704,2,2026-08-24,True,23,False,0,0,0,False,none,False,none,,,
pay_69954791551655,order_227726057596,cust_23276,4141.98,INR,2026-08-25,FreshBasket Groceries,groceries,FRESHBSKT*GROC,True,UPI,IN,Bhopal,False,True,Delhivery-590432899,3,2026-08-28,False,18,True,2,0,0,True,denied,True,legitimate,2026-09-11,U05,won
pay_70819560027331,order_131763784467,cust_32865,2026.16,INR,2026-08-24,FreshBasket Groceries,groceries,FRESHBSKT*GROC,True,UPI,IN,Jaipur,False,True,India Post-557810637,4,2026-08-28,True,40,False,0,0,0,False,none,False,none,,,
pay_70960935645988,order_898098061664,cust_35919,2793.57,INR,2026-08-09,QuickMart Electronics,electronics,QKMART*ELECTRONICS,False,Mastercard,IN,Bhopal,False,True,Delhivery-198761306,7,2026-08-16,True,30,False,0,0,0,False,none,True,friendly_fraud,2026-08-20,4855,lost
pay_39505172769536,order_978056478079,cust_61502,6550.12,INR,2026-08-09,FreshBasket Groceries,groceries,FRESHBSKT*GROC,True,Visa,IN,Kolkata,False,True,India Post-314533665,5,2026-08-14,True,1,False,0,0,0,False,none,False,none,,,
pay_40261761861534,order_595768375362,cust_92978,2271.9,INR,2026-08-05,FitGear Sports,sports,FITGEAR*SPORTS,True,Visa,IN,Lucknow,False,True,DTDC-508992977,5,2026-08-10,True,6,False,0,0,0,False,none,False,none,,,
pay_49032630514637,order_820983479468,cust_48356,7834.08,INR,2026-08-11,FitGear Sports,sports,FITGEAR*SPORTS,True,Mastercard,IN,Chennai,False,True,India Post-829392084,7,2026-08-18,True,3,False,0,0,0,False,none,False,none,,,
pay_96933225148454,order_409743311435,cust_92616,5591.71,INR,2026-08-07,BookNest Online,books,BKNEST*ONLINE,True,RuPay,IN,Mumbai,False,True,BlueDart-811335671,5,2026-08-12,True,6,True,2,0,0,True,denied,True,legitimate,2026-08-31,R08,won
pay_14972441401752,order_879893148317,cust_88647,7207.43,INR,2026-08-08,FreshBasket Groceries,groceries,FRESHBSKT*GROC,True,Mastercard,IN,Pune,False,True,Delhivery-874471936,1,2026-08-09,True,25,True,4,0,0,True,pending,True,legitimate,2026-08-24,4834,won
pay_54180710038759,order_890809244118,cust_35825,5922.33,INR,2026-08-24,PixelCraft Digital,digital,PXLCRFT*DIGITAL,True,RuPay,IN,Kolkata,True,False,,0,2026-08-24,False,21,False,0,0,0,False,none,False,none,,,
pay_25391650831189,order_979081619677,cust_72411,3914.6,INR,2026-08-17,BookNest Online,books,BKNEST*ONLINE,False,RuPay,IN,Delhi,False,True,Ecom Express-442426442,1,2026-08-18,True,21,False,0,0,0,False,none,False,none,,,
pay_81447548272948,order_219883823727,cust_25014,5473.92,INR,2026-08-01,StyleHub Fashion,fashion,STYLHUB*FASHION,True,UPI,IN,Surat,False,True,DTDC-925276600,6,2026-08-07,True,0,False,0,0,0,False,none,False,none,,,
pay_78048310805797,order_494875750948,cust_41310,14294.02,INR,2026-08-17,QuickMart Electronics,electronics,QKMART*ELECTRONICS,True,Mastercard,UK,Surat,False,True,India Post-250721880,4,2026-08-21,True,26,False,0,0,0,False,none,True,cross_border,2026-09-16,4837,lost
pay_70700905909160,order_821307297093,cust_44226,6538.9,INR,2026-08-26,FreshBasket Groceries,groceries,FRESHBSKT*GROC,True,Mastercard,IN,Delhi,False,True,Delhivery-503144836,2,2026-08-28,True,17,False,0,0,0,False,none,True,friendly_fraud,2026-09-10,4855,lost
pay_74916493009332,order_704064277398,cust_53478,2815.77,INR,2026-08-24,FreshBasket Groceries,groceries,FRESHBSKT*GROC,True,RuPay,IN,Bhopal,False,True,India Post-252960017,2,2026-08-26,True,11,False,0,5,4,False,none,True,serial_disputer,2026-09-03,R01,won
pay_91476587091988,order_145503113302,cust_76562,1342.88,INR,2026-08-17,FitGear Sports,sports,FITGEAR*SPORTS,False,UPI,IN,Delhi,False,True,BlueDart-738914080,1,2026-08-18,True,36,False,0,0,0,False,none,False,none,,,
pay_13364720484451,order_693706204534,cust_91620,5408.05,INR,2026-08-15,StyleHub Fashion,fashion,STYLHUB*FASHION,True,Visa,IN,Hyderabad,False,True,India Post-629741991,7,2026-08-22,True,19,False,0,0,0,False,none,True,friendly_fraud,2026-08-29,13.1,lost
pay_64019228450611,order_914994136012,cust_62205,6583.28,INR,2026-08-25,FreshBasket Groceries,groceries,FRESHBSKT*GROC,True,Mastercard,IN,Bhopal,False,True,Delhivery-705545509,2,2026-08-27,True,34,False,0,0,0,False,none,False,none,,,
pay_52764770862586,order_229914990914,cust_72616,2093.83,INR,2026-08-02,BookNest Online,books,BKNEST*ONLINE,True,Visa,IN,Delhi,False,True,Ecom Express-628008852,1,2026-08-03,True,36,False,0,0,0,False,none,False,none,,,
pay_29313468703936,order_382454920303,cust_73783,5459.72,INR,2026-08-22,BookNest Online,books,BKNEST*ONLINE,True,Visa,IN,Jaipur,False,True,BlueDart-336779871,4,2026-08-26,True,13,True,2,0,0,False,none,False,none,,,
pay_46977688341096,order_743158526982,cust_94259,4043.43,INR,2026-08-21,PixelCraft Digital,digital,PXLCRFT*DIGITAL,True,Visa,IN,Ahmedabad,True,False,,0,2026-08-21,False,35,True,2,0,0,False,none,False,none,,,
pay_27258038354756,order_594239290138,cust_83619,4189.71,INR,2026-08-16,QuickMart Electronics,electronics,QKMART*ELECTRONICS,True,RuPay,IN,Delhi,False,True,DTDC-855954847,4,2026-08-20,True,31,False,0,0,0,False,none,False,none,,,
pay_94910201542764,order_336396416505,cust_80244,1623.92,INR,2026-08-06,QuickMart Electronics,electronics,QKMART*ELECTRONICS,True,Visa,IN,Kolkata,False,True,Delhivery-585242269,3,2026-08-09,True,28,True,1,0,0,False,none,True,friendly_fraud,2026-08-21,13.1,won
pay_17965748086575,order_392916350474,cust_97445,4607.61,INR,2026-08-19,StyleHub Fashion,fashion,STYLHUB*FASHION,False,Mastercard,IN,Kochi,False,True,India Post-407012827,28,2026-09-16,False,6,True,4,0,0,False,none,True,late_delivery,2026-09-20,4855,won
pay_24104413398722,order_219936653222,cust_11620,13279.49,INR,2026-08-13,QuickMart Electronics,electronics,QKMART*ELECTRONICS,True,Mastercard,IN,Indore,False,True,India Post-661096687,7,2026-08-20,True,12,False,0,0,0,False,none,True,friendly_fraud,2026-09-10,4855,lost
pay_56394039312466,order_741246974592,cust_62538,2689.95,INR,2026-08-17,BookNest Online,books,BKNEST*ONLINE,True,RuPay,IN,Surat,False,True,Delhivery-612662437,3,2026-08-20,True,17,True,4,0,0,False,none,False,none,,,
pay_30961403155409,order_252537935638,cust_62610,4859.06,INR,2026-08-07,StyleHub Fashion,fashion,STYLHUB*FASHION,True,RuPay,IN,Jaipur,False,False,,1,2026-08-08,False,33,True,3,0,0,False,none,False,none,,,
pay_82357618365715,order_405964900141,cust_87110,2770.21,INR,2026-08-03,QuickMart Electronics,electronics,QKMART*ELECTRONICS,True,Visa,IN,Jaipur,False,True,Delhivery-107721109,1,2026-08-04,True,21,True,1,0,0,False,none,False,none,,,
pay_96085328814950,order_820726006289,cust_19602,7969.16,INR,2026-08-19,BookNest Online,books,BKNEST*ONLINE,True,RuPay,IN,Jaipur,False,True,DTDC-242224154,3,2026-08-22,True,10,False,0,0,0,False,none,False,none,,,
pay_75019545348589,order_157609459666,cust_82102,6526.99,INR,2026-08-13,StyleHub Fashion,fashion,STYLHUB*FASHION,True,RuPay,IN,Mumbai,False,True,DTDC-371011200,3,2026-08-16,True,0,False,0,0,0,False,none,False,none,,,
pay_90095193752239,order_543674201370,cust_62743,3325.71,INR,2026-08-22,StyleHub Fashion,fashion,STYLHUB*FASHION,True,Mastercard,IN,Kochi,False,True,Delhivery-305986733,4,2026-08-26,True,11,False,0,0,0,False,none,False,none,,,
pay_43268166827941,order_547390899554,cust_19880,2072.72,INR,2026-08-15,BookNest Online,books,BKNEST*ONLINE,False,Visa,IN,Ahmedabad,False,True,India Post-205128697,1,2026-08-16,True,5,False,0,0,0,False,none,False,none,,,
pay_41828173404116,order_571618424652,cust_76507,917.55,INR,2026-08-12,StyleHub Fashion,fashion,STYLHUB*FASHION,True,RuPay,IN,Hyderabad,False,True,Ecom Express-340781088,7,2026-08-19,True,17,False,0,0,0,False,none,False,none,,,
pay_28604484199437,order_179361118255,cust_68335,4203.13,INR,2026-08-08,QuickMart Electronics,electronics,QKMART*ELECTRONICS,True,Visa,IN,Mumbai,False,False,,3,2026-08-11,False,27,False,0,0,0,False,none,False,none,,,
pay_99997923926678,order_971792578891,cust_88986,2520.62,INR,2026-08-10,QuickMart Electronics,electronics,QKMART*ELECTRONICS,True,Visa,IN,Kochi,False,True,Ecom Express-477470703,4,2026-08-14,False,27,False,0,0,0,False,none,False,none,,,
pay_22401124729033,order_366742651064,cust_85156,4648.07,INR,2026-08-11,BookNest Online,books,BKNEST*ONLINE,True,UPI,IN,Pune,False,True,Ecom Express-410864588,1,2026-08-12,True,39,False,0,0,0,False,none,False,none,,,
pay_93901672105574,order_711071920529,cust_97580,4601.38,INR,2026-08-15,BookNest Online,books,BKNEST*ONLINE,True,Visa,IN,Pune,False,True,Ecom Express-448981305,2,2026-08-17,True,17,False,0,0,0,False,none,False,none,,,
pay_56164719723748,order_773945892375,cust_93695,3109.48,INR,2026-08-19,PixelCraft Digital,digital,PXLCRFT*DIGITAL,True,RuPay,IN,Kolkata,True,False,,0,2026-08-19,False,39,True,2,0,0,False,none,False,none,,,
pay_27765009278978,order_836473336882,cust_55870,510.53,INR,2026-08-18,BookNest Online,books,BKNEST*ONLINE,False,Visa,IN,Hyderabad,False,True,BlueDart-909851739,1,2026-08-19,True,9,False,0,0,0,False,none,False,none,,,
pay_41568990674682,order_332491758517,cust_74248,7969.49,INR,2026-08-11,PixelCraft Digital,digital,PXLCRFT*DIGITAL,True,UPI,IN,Kolkata,True,False,,0,2026-08-11,True,25,True,4,0,0,True,denied,True,legitimate,2026-08-14,U03,won
pay_94036699682271,order_131005455641,cust_60134,1814.54,INR,2026-08-26,BookNest Online,books,BKNEST*ONLINE,True,Visa,IN,Indore,False,True,Ecom Express-684671539,7,2026-09-02,True,14,True,3,0,0,False,none,True,friendly_fraud,2026-09-05,13.1,won
pay_48389106227899,order_261118623175,cust_23446,4480.43,INR,2026-08-12,PixelCraft Digital,digital,PXLCRFT*DIGITAL,True,Mastercard,IN,Kochi,True,False,,0,2026-08-12,False,18,False,0,0,0,False,none,False,none,,,
pay_22050253226446,order_174563225376,cust_85372,5092.08,INR,2026-08-01,BookNest Online,books,BKNEST*ONLINE,True,Mastercard,IN,Hyderabad,False,True,DTDC-560891752,1,2026-08-02,True,42,False,0,0,0,False,none,False,none,,,
pay_93990338771475,order_422956275865,cust_35105,5551.98,INR,2026-08-25,PixelCraft Digital,digital,PXLCRFT*DIGITAL,True,Mastercard,IN,Hyderabad,True,False,,0,2026-08-25,False,37,False,0,0,0,False,none,False,none,,,
pay_32738681954333,order_588514866975,cust_42914,4092.24,INR,2026-08-09,FreshBasket Groceries,groceries,FRESHBSKT*GROC,False,RuPay,IN,Bhopal,False,True,BlueDart-199104722,6,2026-08-15,True,8,False,0,0,0,False,none,False,none,,,
pay_74082532161175,order_456193888210,cust_86931,5835.53,INR,2026-08-10,StyleHub Fashion,fashion,STYLHUB*FASHION,True,RuPay,IN,Lucknow,False,True,Ecom Express-259553112,4,2026-08-14,True,34,False,0,0,0,False,none,False,none,,,
pay_57673580344784,order_228008204060,cust_64460,2680.41,INR,2026-08-10,FreshBasket Groceries,groceries,FRESHBSKT*GROC,True,Visa,IN,Bangalore,False,True,India Post-492836532,5,2026-08-15,True,30,False,0,0,0,False,none,False,none,,,
pay_85154342780404,order_440329637250,cust_31697,6191.44,INR,2026-08-23,FreshBasket Groceries,groceries,FRESHBSKT*GROC,True,Visa,IN,Kochi,False,True,Ecom Express-491163514,6,2026-08-29,True,28,False,0,0,0,False,none,False,none,,,
pay_91565867217900,order_904725951409,cust_27927,5307.19,INR,2026-08-25,PixelCraft Digital,digital,PXLCRFT*DIGITAL,True,RuPay,IN,Surat,True,False,,0,2026-08-25,False,28,True,1,0,0,False,none,False,none,,,
pay_10383259281808,order_834494165860,cust_78569,2176.91,INR,2026-08-25,FreshBasket Groceries,groceries,FRESHBSKT*GROC,True,RuPay,IN,Hyderabad,False,True,Ecom Express-417130941,2,2026-08-27,False,30,True,2,0,0,True,denied,True,legitimate,2026-09-09,R07,won
pay_13886684428409,order_387635680418,cust_53025,1624.92,INR,2026-08-22,FreshBasket Groceries,groceries,FRESHBSKT*GROC,True,Visa,IN,Chennai,False,True,DTDC-477040284,6,2026-08-28,True,21,False,0,0,0,False,none,False,none,,,
pay_35493028558874,order_204341008026,cust_72355,4323.15,INR,2026-08-22,PixelCraft Digital,digital,PXLCRFT*DIGITAL,True,RuPay,IN,Bhopal,True,False,,0,2026-08-22,True,10,True,3,0,0,True,denied,True,legitimate,2026-09-20,R04,won
pay_18476637767051,order_210552841781,cust_91057,4809.0,INR,2026-08-20,FitGear Sports,sports,FITGEAR*SPORTS,True,RuPay,IN,Hyderabad,False,True,Ecom Express-583736219,4,2026-08-24,True,36,False,0,0,0,False,none,False,none,,,
pay_28572797827606,order_726373620828,cust_94694,3194.22,INR,2026-08-24,FitGear Sports,sports,FITGEAR*SPORTS,True,Mastercard,IN,Mumbai,False,True,Delhivery-631381642,4,2026-08-28,True,33,False,0,0,0,False,none,False,none,,,
pay_68386061282641,order_462527878842,cust_40735,5736.72,INR,2026-08-03,FreshBasket Groceries,groceries,FRESHBSKT*GROC,True,Visa,IN,Chennai,False,True,India Post-186519602,2,2026-08-05,True,13,False,0,0,0,False,none,False,none,,,
pay_13628673763174,order_113450992449,cust_29340,2694.95,INR,2026-08-08,FreshBasket Groceries,groceries,FRESHBSKT*GROC,True,RuPay,IN,Indore,False,True,BlueDart-397721596,7,2026-08-15,True,11,False,0,0,0,False,none,False,none,,,
pay_83151219431214,order_870573211450,cust_23624,11856.99,INR,2026-08-22,StyleHub Fashion,fashion,STYLHUB*FASHION,True,Visa,IN,Hyderabad,False,True,Delhivery-550773824,4,2026-08-26,True,10,False,0,0,0,False,none,True,friendly_fraud,2026-08-31,13.1,lost
pay_42367584814255,order_662971807174,cust_39215,12305.94,INR,2026-08-13,QuickMart Electronics,electronics,QKMART*ELECTRONICS,True,Mastercard,AE,Pune,False,True,DTDC-622763616,7,2026-08-20,True,30,False,0,0,0,False,none,True,cross_border,2026-09-06,4837,lost
pay_16366713221633,order_157555059831,cust_95755,7070.36,INR,2026-08-20,QuickMart Electronics,electronics,QKMART*ELECTRONICS,True,Visa,IN,Surat,False,True,India Post-108780419,7,2026-08-27,True,25,True,3,0,0,False,none,False,none,,,
pay_65704257937363,order_109768818868,cust_60422,1673.01,INR,2026-08-10,StyleHub Fashion,fashion,STYLHUB*FASHION,True,Mastercard,IN,Nagpur,False,True,Delhivery-509486794,5,2026-08-15,True,1,False,0,0,0,False,none,False,none,,,
pay_59023365206785,order_475001713595,cust_99070,3757.66,INR,2026-08-13,FreshBasket Groceries,groceries,FRESHBSKT*GROC,True,Mastercard,IN,Lucknow,False,True,Delhivery-470405910,1,2026-08-14,True,5,False,0,0,0,False,none,False,none,,,
pay_70654332995710,order_711813124945,cust_61068,1317.94,INR,2026-08-21,BookNest Online,books,BKNEST*ONLINE,False,RuPay,IN,Kolkata,False,True,BlueDart-105578324,3,2026-08-24,True,5,False,0,0,0,False,none,False,none,,,
pay_98231544646360,order_327914466021,cust_48854,3945.24,INR,2026-08-15,FitGear Sports,sports,FITGEAR*SPORTS,False,RuPay,IN,Bhopal,False,True,DTDC-651790232,1,2026-08-16,True,26,False,0,0,0,False,none,True,descriptor_confusion,2026-09-05,R01,lost
pay_64696991187214,order_505675310918,cust_49608,6608.28,INR,2026-08-21,FreshBasket Groceries,groceries,FRESHBSKT*GROC,False,RuPay,IN,Surat,False,True,Delhivery-148690765,1,2026-08-22,True,34,False,0,0,0,False,none,False,none,,,
pay_69522879234303,order_158931506885,cust_86869,4494.89,INR,2026-08-05,PixelCraft Digital,digital,PXLCRFT*DIGITAL,True,Mastercard,IN,Jaipur,True,False,,0,2026-08-05,False,26,False,0,0,0,False,none,False,none,,,
pay_22850653238513,order_735056084331,cust_45683,3279.22,INR,2026-08-23,BookNest Online,books,BKNEST*ONLINE,True,RuPay,IN,Jaipur,False,True,Ecom Express-186373782,5,2026-08-28,False,16,False,0,0,0,False,none,False,none,,,
pay_74348488506306,order_108901504899,cust_78522,4710.59,INR,2026-08-22,FitGear Sports,sports,FITGEAR*SPORTS,True,Visa,IN,Kolkata,False,True,Delhivery-819112790,6,2026-08-28,True,41,False,0,0,0,False,none,False,none,,,
pay_99172435339472,order_202086580471,cust_52217,2071.7,INR,2026-08-05,FreshBasket Groceries,groceries,FRESHBSKT*GROC,True,RuPay,IN,Nagpur,False,True,Ecom Express-625552311,2,2026-08-07,True,28,False,0,0,0,False,none,False,none,,,
pay_55486385965255,order_446291261920,cust_32740,2121.4,INR,2026-08-05,FreshBasket Groceries,groceries,FRESHBSKT*GROC,True,Visa,IN,Lucknow,False,True,BlueDart-290209201,7,2026-08-12,True,37,False,0,0,0,False,none,False,none,,,
pay_99889874834758,order_504994102687,cust_40972,5263.75,INR,2026-08-09,PixelCraft Digital,digital,PXLCRFT*DIGITAL,True,Mastercard,IN,Mumbai,True,False,,0,2026-08-09,False,10,False,0,0,0,False,none,False,none,,,
pay_95373837565625,order_253873403927,cust_67163,8372.79,INR,2026-08-23,FreshBasket Groceries,groceries,FRESHBSKT*GROC,True,RuPay,AE,Nagpur,False,True,DTDC-615346649,4,2026-08-27,True,20,False,0,0,0,False,none,True,cross_border,2026-09-04,R07,lost
pay_26150902990937,order_347152013493,cust_44675,5530.03,INR,2026-08-03,PixelCraft Digital,digital,PXLCRFT*DIGITAL,True,UPI,IN,Indore,True,False,,0,2026-08-03,False,12,False,0,0,0,False,none,False,none,,,
pay_52484313241449,order_199961152446,cust_30707,227.64,INR,2026-08-15,PixelCraft Digital,digital,PXLCRFT*DIGITAL,True,RuPay,IN,Ahmedabad,True,False,,0,2026-08-15,False,27,False,0,0,0,False,none,False,none,,,
pay_50741742112772,order_142420288918,cust_14888,6817.48,INR,2026-08-24,FreshBasket Groceries,groceries,FRESHBSKT*GROC,True,Mastercard,IN,Bhopal,False,True,Ecom Express-999371401,2,2026-08-26,True,11,True,4,0,0,False,none,False,none,,,
pay_77446439555434,order_540587383200,cust_63627,6569.65,INR,2026-08-03,StyleHub Fashion,fashion,STYLHUB*FASHION,True,RuPay,IN,Surat,False,True,DTDC-359868249,3,2026-08-06,True,4,False,0,0,0,False,none,False,none,,,
pay_79104447120719,order_735516703300,cust_27842,7796.35,INR,2026-08-21,BookNest Online,books,BKNEST*ONLINE,True,RuPay,IN,Chennai,False,True,Delhivery-614332794,3,2026-08-24,True,44,False,0,0,0,False,none,False,none,,,
pay_84332547123553,order_146897401666,cust_94529,6777.95,INR,2026-08-16,PixelCraft Digital,digital,PXLCRFT*DIGITAL,True,Visa,IN,Indore,True,False,,0,2026-08-16,False,6,False,0,0,0,False,none,False,none,,,
pay_88991522897596,order_359368293256,cust_14234,6053.15,INR,2026-08-07,PixelCraft Digital,digital,PXLCRFT*DIGITAL,True,RuPay,IN,Kolkata,True,False,,21,2026-08-07,False,5,True,3,0,0,False,none,True,late_delivery,2026-09-02,R07,won
pay_69479705600890,order_406404042870,cust_13478,4091.81,INR,2026-08-08,QuickMart Electronics,electronics,QKMART*ELECTRONICS,True,Visa,IN,Jaipur,False,True,India Post-550455977,2,2026-08-10,True,10,False,0,0,0,False,none,False,none,,,
pay_50018675883899,order_626002054624,cust_80010,210.79,INR,2026-08-10,FreshBasket Groceries,groceries,FRESHBSKT*GROC,False,Mastercard,IN,Bangalore,False,True,BlueDart-694164665,3,2026-08-13,True,0,True,4,0,0,False,none,False,none,,,
pay_19625635259591,order_720753806333,cust_23526,6466.86,INR,2026-08-24,FreshBasket Groceries,groceries,FRESHBSKT*GROC,True,Mastercard,IN,Kolkata,False,True,DTDC-247241457,4,2026-08-28,True,43,False,0,0,0,False,none,False,none,,,
pay_73133739096575,order_106937867936,cust_95191,6729.33,INR,2026-08-04,QuickMart Electronics,electronics,QKMART*ELECTRONICS,True,Visa,IN,Kolkata,False,True,Delhivery-141127742,3,2026-08-07,True,45,False,0,0,0,False,none,False,none,,,
pay_95981704043533,order_803756790472,cust_54185,210.28,INR,2026-08-06,PixelCraft Digital,digital,PXLCRFT*DIGITAL,True,Visa,IN,Indore,True,False,,0,2026-08-06,False,12,False,0,0,0,False,none,False,none,,,
pay_72737388660297,order_387954437064,cust_50416,1229.53,INR,2026-08-21,QuickMart Electronics,electronics,QKMART*ELECTRONICS,True,Visa,IN,Indore,False,True,Ecom Express-809786356,3,2026-08-24,True,13,False,0,0,0,False,none,True,friendly_fraud,2026-09-07,13.1,lost
pay_22332687660437,order_790038122566,cust_96585,5279.81,INR,2026-08-11,FreshBasket Groceries,groceries,FRESHBSKT*GROC,True,Visa,IN,Chennai,False,True,BlueDart-153295652,4,2026-08-15,True,23,False,0,0,0,False,none,True,friendly_fraud,2026-08-18,13.1,won
pay_51075850039498,order_875279701940,cust_82199,1350.35,INR,2026-08-23,FitGear Sports,sports,FITGEAR*SPORTS,False,RuPay,IN,Mumbai,False,True,BlueDart-341270488,7,2026-08-30,True,9,False,0,0,0,False,none,False,none,,,
pay_28401352370868,order_506993957088,cust_69446,3307.54,INR,2026-08-22,FreshBasket Groceries,groceries,FRESHBSKT*GROC,True,RuPay,IN,Delhi,False,True,Delhivery-572022811,4,2026-08-26,True,20,False,0,0,0,False,none,False,none,,,
pay_55651404918886,order_163548952306,cust_39817,7375.26,INR,2026-08-22,QuickMart Electronics,electronics,QKMART*ELECTRONICS,True,Visa,IN,Kochi,False,True,BlueDart-916440738,6,2026-08-28,True,1,True,2,0,0,False,none,False,none,,,
pay_77310086102233,order_562997041133,cust_67372,2695.75,INR,2026-08-06,FreshBasket Groceries,groceries,FRESHBSKT*GROC,True,RuPay,IN,Lucknow,False,True,BlueDart-500099988,7,2026-08-13,False,17,True,2,0,0,True,pending,True,legitimate,2026-09-11,R07,won
pay_47060164307834,order_699485657232,cust_57349,9635.0,INR,2026-08-22,StyleHub Fashion,fashion,STYLHUB*FASHION,True,Visa,AE,Ahmedabad,False,True,BlueDart-142847338,6,2026-08-28,True,18,False,0,0,0,False,none,True,cross_border,2026-09-26,10.4,won
pay_74784936446450,order_436509220579,cust_63964,6280.64,INR,2026-08-11,QuickMart Electronics,electronics,QKMART*ELECTRONICS,True,Visa,IN,Indore,False,True,Delhivery-386480450,2,2026-08-13,True,14,True,1,0,0,False,none,False,none,,,
pay_51991802871188,order_840722961506,cust_27431,7008.85,INR,2026-08-22,QuickMart Electronics,electronics,QKMART*ELECTRONICS,True,RuPay,IN,Surat,False,True,BlueDart-291634595,5,2026-08-27,True,1,True,2,0,0,False,none,False,none,,,
pay_48724715782500,order_710147167088,cust_85511,1949.11,INR,2026-08-10,FreshBasket Groceries,groceries,FRESHBSKT*GROC,True,Mastercard,IN,Kolkata,False,True,DTDC-354373770,3,2026-08-13,True,26,False,0,0,0,False,none,False,none,,,
pay_15956011715493,order_119053418099,cust_66446,4028.84,INR,2026-08-01,StyleHub Fashion,fashion,STYLHUB*FASHION,True,Visa,IN,Bangalore,False,True,India Post-855561271,2,2026-08-03,True,4,False,0,0,0,False,none,False,none,,,
pay_27986520670401,order_871677274007,cust_55851,5342.2,INR,2026-08-19,FreshBasket Groceries,groceries,FRESHBSKT*GROC,True,Visa,IN,Chennai,False,True,Ecom Express-238460786,5,2026-08-24,True,21,True,4,0,0,False,none,False,none,,,
pay_98273700753006,order_386023551774,cust_25765,586.82,INR,2026-08-23,StyleHub Fashion,fashion,STYLHUB*FASHION,False,Visa,IN,Indore,False,True,Delhivery-327515325,7,2026-08-30,True,25,False,0,0,0,False,none,True,friendly_fraud,2026-09-15,13.1,lost
pay_10150732666152,order_624902647083,cust_95054,3036.94,INR,2026-08-03,PixelCraft Digital,digital,PXLCRFT*DIGITAL,True,Mastercard,IN,Bangalore,True,False,,0,2026-08-03,False,14,True,3,0,0,False,none,False,none,,,
pay_76625864994633,order_139742680014,cust_69988,1164.47,INR,2026-08-26,BookNest Online,books,BKNEST*ONLINE,True,RuPay,IN,Mumbai,False,True,BlueDart-949447049,2,2026-08-28,True,25,False,0,0,0,False,none,False,none,,,
pay_68167172436681,order_887397615467,cust_24316,2245.08,INR,2026-08-23,StyleHub Fashion,fashion,STYLHUB*FASHION,True,UPI,IN,Lucknow,False,True,Delhivery-360337343,1,2026-08-24,True,3,False,0,0,0,False,none,False,none,,,
pay_51093387719807,order_673582963489,cust_91232,4524.75,INR,2026-08-11,FreshBasket Groceries,groceries,FRESHBSKT*GROC,False,RuPay,IN,Lucknow,False,True,DTDC-868706268,26,2026-09-06,False,5,True,4,0,0,False,none,True,late_delivery,2026-10-05,R07,won
pay_73402572969086,order_989502767451,cust_86064,3136.8,INR,2026-08-17,QuickMart Electronics,electronics,QKMART*ELECTRONICS,True,RuPay,IN,Jaipur,False,True,BlueDart-582897882,7,2026-08-24,True,32,False,0,0,0,False,none,False,none,,,
pay_78199826853747,order_311039809640,cust_34347,3130.69,INR,2026-08-19,BookNest Online,books,BKNEST*ONLINE,True,Mastercard,IN,Ahmedabad,False,True,Delhivery-695832844,2,2026-08-21,True,39,True,3,0,0,False,none,False,none,,,
pay_55984223649238,order_745923273422,cust_20803,5644.01,INR,2026-08-14,FitGear Sports,sports,FITGEAR*SPORTS,True,RuPay,IN,Surat,False,True,India Post-263939376,3,2026-08-17,True,9,True,2,0,0,False,none,False,none,,,
pay_64417048717831,order_646263220416,cust_16265,6910.76,INR,2026-08-12,PixelCraft Digital,digital,PXLCRFT*DIGITAL,True,Visa,IN,Nagpur,True,False,,0,2026-08-12,False,23,False,0,0,0,False,none,False,none,,,
pay_93103695609730,order_136171878809,cust_39256,2272.01,INR,2026-08-24,PixelCraft Digital,digital,PXLCRFT*DIGITAL,True,Visa,IN,Bangalore,True,False,,0,2026-08-24,False,34,False,0,0,0,False,none,False,none,,,
pay_32867826161307,order_605651306822,cust_53914,946.78,INR,2026-08-20,QuickMart Electronics,electronics,QKMART*ELECTRONICS,True,Visa,IN,Chennai,False,True,India Post-662982736,4,2026-08-24,True,7,True,4,0,0,False,none,False,none,,,
pay_63572342813011,order_686118082741,cust_34906,1772.49,INR,2026-08-01,StyleHub Fashion,fashion,STYLHUB*FASHION,True,Visa,IN,Kochi,False,True,Ecom Express-360482447,6,2026-08-07,True,35,False,0,0,0,False,none,False,none,,,
pay_60417320953796,order_172370655239,cust_58374,5587.85,INR,2026-08-09,BookNest Online,books,BKNEST*ONLINE,False,Mastercard,IN,Ahmedabad,False,True,DTDC-724870012,1,2026-08-10,True,29,False,0,0,0,False,none,False,none,,,
pay_28396299649049,order_509742378907,cust_14073,2192.96,INR,2026-08-02,StyleHub Fashion,fashion,STYLHUB*FASHION,True,Mastercard,IN,Pune,False,True,India Post-903243119,5,2026-08-07,True,17,True,2,0,0,False,none,True,friendly_fraud,2026-09-05,4855,lost
pay_92473661087792,order_469801117324,cust_17806,13131.41,INR,2026-08-06,FreshBasket Groceries,groceries,FRESHBSKT*GROC,True,Visa,IN,Mumbai,False,True,Delhivery-931469703,1,2026-08-07,True,16,False,0,0,0,False,none,True,friendly_fraud,2026-09-01,13.1,lost
pay_53383644310494,order_975885943559,cust_19862,175.4,INR,2026-08-18,FitGear Sports,sports,FITGEAR*SPORTS,True,RuPay,IN,Bhopal,False,True,Delhivery-685823118,1,2026-08-19,True,8,False,0,0,0,False,none,False,none,,,
pay_21934248890712,order_663859569104,cust_66346,2365.91,INR,2026-08-10,FitGear Sports,sports,FITGEAR*SPORTS,True,RuPay,IN,Indore,False,True,DTDC-599277266,4,2026-08-14,True,10,False,0,0,0,False,none,False,none,,,
pay_61840326717915,order_840157038122,cust_90805,1382.93,INR,2026-08-11,StyleHub Fashion,fashion,STYLHUB*FASHION,True,UPI,IN,Kochi,False,True,India Post-461178244,5,2026-08-16,True,19,False,0,0,0,False,none,False,none,,,
pay_22591850793295,order_729866826929,cust_82135,1185.13,INR,2026-08-25,BookNest Online,books,BKNEST*ONLINE,True,Visa,IN,Bhopal,False,True,Ecom Express-612656440,6,2026-08-31,True,41,False,0,0,0,False,none,False,none,,,
pay_10081254310877,order_454759765684,cust_36071,4110.04,INR,2026-08-21,PixelCraft Digital,digital,PXLCRFT*DIGITAL,True,Visa,IN,Bangalore,True,False,,0,2026-08-21,False,33,False,0,0,0,False,none,False,none,,,
pay_85367938482324,order_623712684551,cust_97574,2380.59,INR,2026-08-05,StyleHub Fashion,fashion,STYLHUB*FASHION,True,Mastercard,IN,Kolkata,False,True,Ecom Express-912239392,5,2026-08-10,True,17,False,0,0,0,False,none,True,friendly_fraud,2026-08-26,4855,lost
pay_29697447010170,order_700094177194,cust_94108,6590.4,INR,2026-08-25,PixelCraft Digital,digital,PXLCRFT*DIGITAL,True,Visa,IN,Kochi,True,False,,0,2026-08-25,False,22,False,0,0,0,False,none,False,none,,,
pay_50765877843780,order_629578461757,cust_94076,740.74,INR,2026-08-01,QuickMart Electronics,electronics,QKMART*ELECTRONICS,True,RuPay,IN,Indore,False,True,Delhivery-923515952,5,2026-08-06,True,40,False,0,0,0,False,none,False,none,,,
pay_41187021268453,order_861946100998,cust_63271,775.43,INR,2026-08-07,QuickMart Electronics,electronics,QKMART*ELECTRONICS,True,Mastercard,IN,Ahmedabad,False,True,Delhivery-841536135,4,2026-08-11,True,5,False,0,0,0,False,none,False,none,,,
pay_34918587522138,order_554757219856,cust_97416,5488.01,INR,2026-08-07,QuickMart Electronics,electronics,QKMART*ELECTRONICS,True,UPI,IN,Delhi,False,True,India Post-536344399,5,2026-08-12,True,10,False,0,0,0,False,none,False,none,,,
pay_33627987417573,order_198625676006,cust_33865,2871.75,INR,2026-08-23,FreshBasket Groceries,groceries,FRESHBSKT*GROC,True,RuPay,IN,Lucknow,False,True,India Post-337184468,6,2026-08-29,True,14,False,0,0,0,False,none,True,friendly_fraud,2026-09-08,R07,lost
pay_45504010275889,order_189485261008,cust_27786,5177.36,INR,2026-08-03,FitGear Sports,sports,FITGEAR*SPORTS,True,RuPay,IN,Nagpur,False,True,BlueDart-379340713,4,2026-08-07,True,24,False,0,0,0,False,none,False,none,,,
pay_35881288189367,order_175250431014,cust_90689,7465.75,INR,2026-08-25,StyleHub Fashion,fashion,STYLHUB*FASHION,False,Mastercard,IN,Nagpur,False,True,Ecom Express-948157453,5,2026-08-30,True,19,False,0,0,0,False,none,True,descriptor_confusion,2026-09-09,4837,lost
pay_50319033883520,order_884383738449,cust_71736,1464.06,INR,2026-08-22,BookNest Online,books,BKNEST*ONLINE,True,Mastercard,IN,Indore,False,True,India Post-172512549,1,2026-08-23,True,25,True,1,0,0,False,none,False,none,,,
pay_77618176354323,order_676257961395,cust_92478,2529.96,INR,2026-08-19,QuickMart Electronics,electronics,QKMART*ELECTRONICS,True,UPI,IN,Mumbai,False,True,DTDC-803935444,7,2026-08-26,True,3,False,0,0,0,False,none,False,none,,,
pay_27151040458887,order_845492406305,cust_72888,3962.61,INR,2026-08-23,PixelCraft Digital,digital,PXLCRFT*DIGITAL,True,Visa,IN,Kolkata,True,False,,0,2026-08-23,False,17,False,0,0,0,False,none,False,none,,,
pay_50545485457093,order_412273997497,cust_30585,5317.04,INR,2026-08-09,FreshBasket Groceries,groceries,FRESHBSKT*GROC,True,RuPay,IN,Hyderabad,False,True,BlueDart-268075622,1,2026-08-10,True,2,False,0,0,0,False,none,False,none,,,
pay_17114426274293,order_499079904668,cust_27779,11514.83,INR,2026-08-06,QuickMart Electronics,electronics,QKMART*ELECTRONICS,True,Mastercard,IN,Indore,False,True,India Post-131082848,2,2026-08-08,True,21,False,0,0,0,False,none,True,friendly_fraud,2026-08-12,4855,lost
pay_10238096054069,order_691874457344,cust_88193,401.27,INR,2026-08-09,FreshBasket Groceries,groceries,FRESHBSKT*GROC,True,Mastercard,IN,Pune,False,True,DTDC-568574364,5,2026-08-14,True,45,True,2,0,0,False,none,False,none,,,
pay_54657332424741,order_933009077155,cust_25906,4503.06,INR,2026-08-02,PixelCraft Digital,digital,PXLCRFT*DIGITAL,True,Mastercard,IN,Ahmedabad,True,False,,0,2026-08-02,False,35,True,4,0,0,False,none,False,none,,,
pay_58091668763796,order_945883794233,cust_97878,837.37,INR,2026-08-17,PixelCraft Digital,digital,PXLCRFT*DIGITAL,False,UPI,IN,Pune,True,False,,0,2026-08-17,False,19,False,0,0,0,False,none,False,none,,,
pay_45464765365054,order_765317675836,cust_53863,5083.63,INR,2026-08-26,PixelCraft Digital,digital,PXLCRFT*DIGITAL,True,Mastercard,IN,Delhi,True,False,,0,2026-08-26,False,24,False,0,0,0,False,none,False,none,,,
pay_31640991771838,order_602613191745,cust_23621,3450.68,INR,2026-08-22,PixelCraft Digital,digital,PXLCRFT*DIGITAL,False,RuPay,IN,Hyderabad,True,False,,0,2026-08-22,True,36,False,0,0,0,False,none,True,descriptor_confusion,2026-09-14,R01,lost
pay_17056876790315,order_626495033786,cust_38534,1599.38,INR,2026-08-05,PixelCraft Digital,digital,PXLCRFT*DIGITAL,True,RuPay,IN,Mumbai,True,False,,0,2026-08-05,False,20,False,0,0,0,False,none,False,none,,,
pay_23402953279884,order_827708540626,cust_98857,196.66,INR,2026-08-11,QuickMart Electronics,electronics,QKMART*ELECTRONICS,True,Visa,IN,Jaipur,False,True,India Post-877145921,5,2026-08-16,True,44,True,5,0,0,True,pending,True,legitimate,2026-09-10,13.3,won
pay_38614167323910,order_810088072580,cust_28920,2475.12,INR,2026-08-08,FitGear Sports,sports,FITGEAR*SPORTS,True,Mastercard,IN,Indore,False,True,BlueDart-703857319,4,2026-08-12,True,15,False,0,0,0,False,none,False,none,,,
pay_34501232357128,order_498545891235,cust_99381,7978.37,INR,2026-08-15,FreshBasket Groceries,groceries,FRESHBSKT*GROC,True,UPI,IN,Nagpur,False,True,DTDC-861863296,1,2026-08-16,True,10,False,0,0,0,False,none,False,none,,,
pay_82107153421350,order_478445964518,cust_90981,1328.24,INR,2026-08-02,FitGear Sports,sports,FITGEAR*SPORTS,True,Mastercard,IN,Mumbai,False,True,DTDC-575788930,6,2026-08-08,True,13,False,0,0,0,False,none,False,none,,,
pay_91701264467981,order_734313688652,cust_66420,2718.95,INR,2026-08-25,PixelCraft Digital,digital,PXLCRFT*DIGITAL,True,Mastercard,IN,Delhi,True,False,,0,2026-08-25,False,33,True,3,0,0,False,none,False,none,,,
pay_31447280699702,order_725199285280,cust_53478,5831.88,INR,2026-08-07,QuickMart Electronics,electronics,QKMART*ELECTRONICS,True,Visa,IN,Kolkata,False,True,Delhivery-207422565,3,2026-08-10,True,17,False,0,6,5,False,none,True,serial_disputer,2026-08-23,13.1,lost
pay_32298458666203,order_965391144066,cust_20592,1524.0,INR,2026-08-23,FreshBasket Groceries,groceries,FRESHBSKT*GROC,True,Visa,IN,Ahmedabad,False,True,Delhivery-436525794,6,2026-08-29,True,10,True,5,0,0,True,denied,True,legitimate,2026-09-19,13.3,won
pay_52101793036644,order_857736637113,cust_70981,5367.71,INR,2026-08-09,PixelCraft Digital,digital,PXLCRFT*DIGITAL,True,Visa,IN,Bhopal,True,False,,0,2026-08-09,False,4,False,0,0,0,False,none,False,none,,,
pay_36848312564970,order_581117672542,cust_29369,6745.06,INR,2026-08-25,PixelCraft Digital,digital,PXLCRFT*DIGITAL,False,RuPay,IN,Nagpur,True,False,,0,2026-08-25,False,44,False,0,0,0,False,none,False,none,,,
pay_90493024665535,order_286921720664,cust_56388,306.5,INR,2026-08-04,FitGear Sports,sports,FITGEAR*SPORTS,True,Mastercard,IN,Jaipur,False,True,India Post-942284665,3,2026-08-07,True,5,True,4,0,0,False,none,False,none,,,
pay_48666397392726,order_118411187094,cust_17923,3701.93,INR,2026-08-17,FreshBasket Groceries,groceries,FRESHBSKT*GROC,False,Visa,IN,Lucknow,False,True,India Post-618836510,6,2026-08-23,True,33,True,4,0,0,False,none,False,none,,,
pay_53219703705283,order_965094342411,cust_99091,7309.65,INR,2026-08-25,PixelCraft Digital,digital,PXLCRFT*DIGITAL,True,RuPay,IN,Bhopal,True,False,,0,2026-08-25,True,14,True,3,0,0,True,denied,True,legitimate,2026-09-20,R08,won
pay_52455218402812,order_667818065717,cust_28327,2583.89,INR,2026-08-14,BookNest Online,books,BKNEST*ONLINE,True,Mastercard,IN,Hyderabad,False,True,BlueDart-366467312,5,2026-08-19,True,44,False,0,0,0,False,none,False,none,,,
pay_40578190430950,order_163462710020,cust_18819,2000.5,INR,2026-08-01,BookNest Online,books,BKNEST*ONLINE,True,RuPay,IN,Delhi,False,True,Ecom Express-741866641,6,2026-08-07,True,14,True,1,0,0,False,none,False,none,,,
pay_19699758113494,order_614867756918,cust_42540,8032.43,INR,2026-08-23,FitGear Sports,sports,FITGEAR*SPORTS,True,RuPay,IN,Pune,False,True,DTDC-391261014,7,2026-08-30,True,11,False,0,0,0,False,none,True,friendly_fraud,2026-09-07,R07,won
pay_59507842098288,order_925916252414,cust_65069,1733.2,INR,2026-08-02,FitGear Sports,sports,FITGEAR*SPORTS,True,Mastercard,IN,Pune,False,True,India Post-846812123,1,2026-08-03,True,0,False,0,0,0,False,none,False,none,,,
pay_46753224363584,order_884502060113,cust_83591,4227.75,INR,2026-08-20,PixelCraft Digital,digital,PXLCRFT*DIGITAL,False,Mastercard,IN,Surat,True,True,India Post-753962570,0,2026-08-20,True,19,True,4,0,0,False,none,True,friendly_fraud,2026-09-12,4855,lost
pay_28673110658833,order_881603884433,cust_27481,3676.93,INR,2026-08-10,BookNest Online,books,BKNEST*ONLINE,True,UPI,IN,Bangalore,False,True,India Post-420955532,25,2026-09-04,False,9,True,3,0,0,False,none,True,late_delivery,2026-09-29,U05,lost
pay_67931935384410,order_644145185035,cust_63523,3812.55,INR,2026-08-03,PixelCraft Digital,digital,PXLCRFT*DIGITAL,False,RuPay,IN,Kolkata,True,False,,0,2026-08-03,False,10,False,0,0,0,False,none,False,none,,,
pay_44552375009184,order_405314892324,cust_95256,4221.32,INR,2026-08-24,FreshBasket Groceries,groceries,FRESHBSKT*GROC,True,Mastercard,IN,Chennai,False,True,India Post-931764920,4,2026-08-28,True,20,False,0,0,0,False,none,False,none,,,
pay_32479439255471,order_459976146311,cust_26059,2008.97,INR,2026-08-11,FitGear Sports,sports,FITGEAR*SPORTS,True,Mastercard,IN,Chennai,False,True,Delhivery-203950725,1,2026-08-12,True,15,False,0,0,0,False,none,False,none,,,
pay_95168780576714,order_722443538576,cust_91922,2267.44,INR,2026-08-18,FreshBasket Groceries,groceries,FRESHBSKT*GROC,True,RuPay,IN,Chennai,False,True,BlueDart-639633807,6,2026-08-24,True,42,False,0,0,0,False,none,False,none,,,
pay_38591229341787,order_445189549205,cust_75179,2940.55,INR,2026-08-09,PixelCraft Digital,digital,PXLCRFT*DIGITAL,True,Mastercard,IN,Ahmedabad,True,False,,0,2026-08-09,False,20,True,4,0,0,False,none,False,none,,,
pay_45129734477435,order_228679453809,cust_30111,354.88,INR,2026-08-19,StyleHub Fashion,fashion,STYLHUB*FASHION,True,Mastercard,IN,Surat,False,True,DTDC-499446327,4,2026-08-23,True,25,False,0,0,0,False,none,False,none,,,
pay_49148266438400,order_579255341440,cust_45325,5410.7,INR,2026-08-25,FitGear Sports,sports,FITGEAR*SPORTS,True,UPI,IN,Lucknow,False,False,,7,2026-09-01,False,28,False,0,0,0,False,none,False,none,,,
pay_39642167034027,order_476744275623,cust_96951,2464.39,INR,2026-08-18,FitGear Sports,sports,FITGEAR*SPORTS,True,Visa,IN,Delhi,False,True,Delhivery-383968123,1,2026-08-19,True,18,False,0,0,0,False,none,False,none,,,
pay_74004133454568,order_840317438269,cust_39571,6057.55,INR,2026-08-05,BookNest Online,books,BKNEST*ONLINE,False,UPI,IN,Nagpur,False,True,Ecom Express-963919401,5,2026-08-10,True,34,False,0,0,0,False,none,False,none,,,
pay_87502181394129,order_166481931623,cust_68459,5245.81,INR,2026-08-12,PixelCraft Digital,digital,PXLCRFT*DIGITAL,True,Mastercard,IN,Bhopal,True,True,Delhivery-137204552,0,2026-08-12,True,22,False,0,0,0,False,none,True,friendly_fraud,2026-08-28,4855,lost
pay_85269809981778,order_804399972226,cust_53478,4508.42,INR,2026-08-09,QuickMart Electronics,electronics,QKMART*ELECTRONICS,True,Visa,IN,Nagpur,False,True,DTDC-537692362,4,2026-08-13,True,8,False,0,2,1,False,none,True,serial_disputer,2026-09-06,13.1,won
pay_59373097518205,order_407228806626,cust_55957,4744.19,INR,2026-08-24,FreshBasket Groceries,groceries,FRESHBSKT*GROC,True,Visa,IN,Nagpur,False,True,Ecom Express-278221407,5,2026-08-29,True,3,False,0,0,0,False,none,False,none,,,
pay_86890400188018,order_213495175185,cust_82053,6150.53,INR,2026-08-25,BookNest Online,books,BKNEST*ONLINE,True,Mastercard,IN,Jaipur,False,True,BlueDart-387643522,7,2026-09-01,True,2,False,0,0,0,False,none,False,none,,,
pay_16937392578367,order_622894013914,cust_14910,10857.45,INR,2026-08-14,FitGear Sports,sports,FITGEAR*SPORTS,True,UPI,IN,Bangalore,False,True,Delhivery-763834967,5,2026-08-19,True,19,False,0,0,0,False,none,True,friendly_fraud,2026-09-13,U05,lost
pay_63401313783666,order_804054194082,cust_89840,5219.13,INR,2026-08-22,PixelCraft Digital,digital,PXLCRFT*DIGITAL,True,Visa,IN,Surat,True,False,,0,2026-08-22,False,10,False,0,0,0,False,none,False,none,,,
pay_35241664110687,order_118530570661,cust_72324,7111.57,INR,2026-08-23,FreshBasket Groceries,groceries,FRESHBSKT*GROC,True,Visa,IN,Chennai,False,False,,1,2026-08-24,False,34,False,0,0,0,False,none,False,none,,,
pay_17833198686663,order_243681397685,cust_53007,1282.98,INR,2026-08-18,FitGear Sports,sports,FITGEAR*SPORTS,True,Visa,IN,Nagpur,False,True,BlueDart-830461452,2,2026-08-20,True,28,False,0,0,0,False,none,False,none,,,
pay_40543912686398,order_329692249128,cust_34966,829.56,INR,2026-08-12,QuickMart Electronics,electronics,QKMART*ELECTRONICS,True,UPI,IN,Mumbai,False,True,India Post-747382621,1,2026-08-13,True,42,False,0,0,0,False,none,False,none,,,
pay_21489014003363,order_346423373551,cust_55820,6551.77,INR,2026-08-08,BookNest Online,books,BKNEST*ONLINE,True,Visa,IN,Bhopal,False,False,,1,2026-08-09,False,24,False,0,0,0,False,none,False,none,,,
pay_51888739846435,order_416844780876,cust_56437,2803.73,INR,2026-08-18,FreshBasket Groceries,groceries,FRESHBSKT*GROC,True,Mastercard,IN,Surat,False,True,DTDC-755064741,4,2026-08-22,True,14,False,0,0,0,False,none,False,none,,,
pay_37104341530399,order_230204286982,cust_82544,3014.63,INR,2026-08-19,FreshBasket Groceries,groceries,FRESHBSKT*GROC,True,Visa,IN,Jaipur,False,True,India Post-455184454,3,2026-08-22,True,7,False,0,0,0,False,none,False,none,,,
pay_30141606291761,order_607803382689,cust_79621,1249.15,INR,2026-08-14,StyleHub Fashion,fashion,STYLHUB*FASHION,True,Mastercard,IN,Pune,False,True,Delhivery-282518553,2,2026-08-16,False,15,False,0,0,0,False,none,False,none,,,
pay_99448544492269,order_879363646037,cust_15383,7872.35,INR,2026-08-26,FitGear Sports,sports,FITGEAR*SPORTS,True,RuPay,IN,Kolkata,False,True,DTDC-174041730,5,2026-08-31,True,6,True,4,0,0,False,none,False,none,,,
pay_85476277233647,order_252250635901,cust_17100,3788.96,INR,2026-08-14,BookNest Online,books,BKNEST*ONLINE,False,Mastercard,IN,Surat,False,True,BlueDart-165082363,4,2026-08-18,True,12,False,0,0,0,False,none,False,none,,,
pay_85173190187897,order_750232365798,cust_81582,4351.48,INR,2026-08-14,BookNest Online,books,BKNEST*ONLINE,True,UPI,IN,Indore,False,True,Delhivery-624232414,2,2026-08-16,True,42,False,0,0,0,False,none,False,none,,,
pay_11239739304020,order_834932134638,cust_22051,4342.12,INR,2026-08-18,FitGear Sports,sports,FITGEAR*SPORTS,False,Visa,IN,Kolkata,False,True,Delhivery-812249975,3,2026-08-21,True,40,False,0,0,0,False,none,True,descriptor_confusion,2026-09-09,10.4,lost
pay_48756250460424,order_604008868230,cust_99417,1016.83,INR,2026-08-22,FreshBasket Groceries,groceries,FRESHBSKT*GROC,True,RuPay,IN,Mumbai,False,True,Delhivery-795109916,2,2026-08-24,True,16,False,0,0,0,False,none,True,friendly_fraud,2026-09-18,R07,won
pay_27698554493364,order_822105942877,cust_50306,7041.78,INR,2026-08-12,BookNest Online,books,BKNEST*ONLINE,True,Visa,IN,Hyderabad,False,True,India Post-184564737,1,2026-08-13,True,34,False,0,0,0,False,none,False,none,,,
pay_83952801490261,order_445215833763,cust_63788,5554.64,INR,2026-08-14,StyleHub Fashion,fashion,STYLHUB*FASHION,True,Mastercard,IN,Jaipur,False,True,Ecom Express-890099255,6,2026-08-20,False,42,True,2,0,0,False,none,False,none,,,
pay_17896194316386,order_111324746755,cust_39603,7922.83,INR,2026-08-08,BookNest Online,books,BKNEST*ONLINE,True,Mastercard,IN,Chennai,False,True,BlueDart-801943382,7,2026-08-15,True,35,True,4,0,0,False,none,False,none,,,
pay_83365676470969,order_789276095704,cust_65933,7146.85,INR,2026-08-24,BookNest Online,books,BKNEST*ONLINE,True,RuPay,IN,Nagpur,False,True,Ecom Express-270894498,6,2026-08-30,True,40,False,0,0,0,False,none,False,none,,,
pay_86929686334450,order_764596582306,cust_42943,524.09,INR,2026-08-18,PixelCraft Digital,digital,PXLCRFT*DIGITAL,True,Visa,IN,Hyderabad,True,False,,13,2026-08-18,False,11,True,5,0,0,False,none,True,late_delivery,2026-09-12,13.1,lost
pay_75628520039244,order_143614558368,cust_25643,5906.86,INR,2026-08-06,QuickMart Electronics,electronics,QKMART*ELECTRONICS,True,Visa,IN,Pune,False,False,,18,2026-08-24,True,15,True,3,0,0,False,none,True,late_delivery,2026-08-27,13.1,won
pay_63832653369466,order_513938194900,cust_71875,7890.47,INR,2026-08-03,FitGear Sports,sports,FITGEAR*SPORTS,True,UPI,IN,Mumbai,False,True,Delhivery-925677464,2,2026-08-05,True,26,False,0,0,0,False,none,False,none,,,
pay_69836532690777,order_294213443847,cust_60328,4647.38,INR,2026-08-21,QuickMart Electronics,electronics,QKMART*ELECTRONICS,True,Mastercard,IN,Ahmedabad,False,True,Delhivery-804436922,6,2026-08-27,False,6,False,0,0,0,False,none,False,none,,,
pay_62556011038862,order_596144210356,cust_89507,2193.21,INR,2026-08-06,BookNest Online,books,BKNEST*ONLINE,True,UPI,IN,Pune,False,True,India Post-910959828,6,2026-08-12,True,42,False,0,0,0,False,none,False,none,,,
pay_79707972501455,order_142798595086,cust_40613,4616.77,INR,2026-08-08,FreshBasket Groceries,groceries,FRESHBSKT*GROC,True,UPI,IN,Nagpur,False,True,BlueDart-441639230,6,2026-08-14,True,42,False,0,0,0,False,none,False,none,,,
pay_19312639036062,order_726820024292,cust_17331,2661.16,INR,2026-08-22,PixelCraft Digital,digital,PXLCRFT*DIGITAL,True,Mastercard,IN,Hyderabad,True,False,,0,2026-08-22,False,25,False,0,0,0,False,none,False,none,,,
pay_74332695110504,order_220528838961,cust_81932,6696.04,INR,2026-08-07,QuickMart Electronics,electronics,QKMART*ELECTRONICS,False,Visa,IN,Kochi,False,True,Ecom Express-219385981,7,2026-08-14,True,26,False,0,0,0,False,none,False,none,,,
pay_84088271446073,order_102052947074,cust_83807,1379.21,INR,2026-08-23,FitGear Sports,sports,FITGEAR*SPORTS,False,Visa,IN,Hyderabad,False,True,Ecom Express-682101860,3,2026-08-26,True,21,False,0,0,0,False,none,True,friendly_fraud,2026-09-05,13.1,lost
pay_99240957717535,order_960167389837,cust_75639,5820.62,INR,2026-08-23,FreshBasket Groceries,groceries,FRESHBSKT*GROC,True,RuPay,IN,Kochi,False,True,BlueDart-204889313,4,2026-08-27,True,20,True,4,0,0,False,none,False,none,,,
pay_52446184599220,order_855271258456,cust_35995,3232.97,INR,2026-08-13,PixelCraft Digital,digital,PXLCRFT*DIGITAL,True,UPI,IN,Delhi,True,False,,0,2026-08-13,False,15,False,0,0,0,False,none,False,none,,,
pay_52202989535256,order_303480347115,cust_65994,5044.97,INR,2026-08-06,FitGear Sports,sports,FITGEAR*SPORTS,True,UPI,IN,Jaipur,False,True,DTDC-790755362,6,2026-08-12,True,26,False,0,0,0,False,none,False,none,,,
pay_19508149293752,order_363473920508,cust_82633,7907.81,INR,2026-08-26,FitGear Sports,sports,FITGEAR*SPORTS,True,Mastercard,IN,Mumbai,False,True,Ecom Express-146744734,6,2026-09-01,True,22,False,0,0,0,False,none,False,none,,,
pay_82743480283070,order_949639488835,cust_91412,4947.85,INR,2026-08-21,BookNest Online,books,BKNEST*ONLINE,False,Visa,IN,Hyderabad,False,True,DTDC-509495719,7,2026-08-28,True,26,False,0,0,0,False,none,True,descriptor_confusion,2026-08-31,10.4,lost
pay_41342553603819,order_806738996999,cust_94331,530.13,INR,2026-08-20,FitGear Sports,sports,FITGEAR*SPORTS,True,UPI,IN,Bhopal,False,True,Ecom Express-632398698,27,2026-09-16,True,7,True,5,0,0,False,none,True,late_delivery,2026-09-20,U05,won
pay_99724525682325,order_716363617302,cust_75333,794.44,INR,2026-08-15,BookNest Online,books,BKNEST*ONLINE,True,RuPay,IN,Ahmedabad,False,True,Ecom Express-900194244,24,2026-09-08,False,12,True,2,0,0,False,none,True,late_delivery,2026-10-07,R07,lost
pay_14059265615798,order_795669368396,cust_91973,6075.66,INR,2026-08-20,FreshBasket Groceries,groceries,FRESHBSKT*GROC,True,Mastercard,IN,Ahmedabad,False,True,Delhivery-386749454,5,2026-08-25,True,31,False,0,0,0,False,none,False,none,,,
pay_78149533511748,order_184965906196,cust_45180,2223.73,INR,2026-08-05,PixelCraft Digital,digital,PXLCRFT*DIGITAL,True,Mastercard,IN,Ahmedabad,True,False,,0,2026-08-05,False,26,True,2,0,0,False,none,False,none,,,
pay_34782707385423,order_749556041080,cust_42487,2999.01,INR,2026-08-19,FitGear Sports,sports,FITGEAR*SPORTS,True,Mastercard,IN,Surat,False,True,India Post-976479512,7,2026-08-26,True,25,True,2,0,0,False,none,True,friendly_fraud,2026-09-09,4855,lost
pay_22137080420776,order_439584802361,cust_41029,6357.11,INR,2026-08-07,FitGear Sports,sports,FITGEAR*SPORTS,True,Visa,IN,Indore,False,True,DTDC-694875990,5,2026-08-12,True,39,False,0,0,0,False,none,False,none,,,
pay_68398045029645,order_657434001695,cust_41946,7843.91,INR,2026-08-16,StyleHub Fashion,fashion,STYLHUB*FASHION,True,Mastercard,IN,Ahmedabad,False,True,Ecom Express-304666325,5,2026-08-21,True,17,False,0,0,0,False,none,False,none,,,
pay_26522713236173,order_992389542821,cust_14224,2054.75,INR,2026-08-25,PixelCraft Digital,digital,PXLCRFT*DIGITAL,True,RuPay,IN,Ahmedabad,True,False,,0,2026-08-25,False,5,False,0,0,0,False,none,False,none,,,
pay_72426961815363,order_452534310748,cust_96363,441.63,INR,2026-08-20,FitGear Sports,sports,FITGEAR*SPORTS,False,Visa,IN,Jaipur,False,True,BlueDart-165310776,4,2026-08-24,True,45,False,0,0,0,False,none,False,none,,,
pay_67528455904094,order_472693488384,cust_32617,4085.44,INR,2026-08-03,StyleHub Fashion,fashion,STYLHUB*FASHION,True,UPI,IN,Mumbai,False,True,Ecom Express-571825556,5,2026-08-08,True,18,False,0,0,0,False,none,False,none,,,
pay_18522755607704,order_402357707469,cust_58566,357.49,INR,2026-08-09,FitGear Sports,sports,FITGEAR*SPORTS,True,Mastercard,IN,Hyderabad,False,True,Delhivery-489431174,1,2026-08-10,True,41,False,0,0,0,False,none,False,none,,,
pay_75389522803529,order_868716765015,cust_53583,6194.63,INR,2026-08-04,PixelCraft Digital,digital,PXLCRFT*DIGITAL,True,RuPay,IN,Bangalore,True,False,,0,2026-08-04,False,11,True,3,0,0,False,none,False,none,,,
pay_18689200772922,order_704854978910,cust_68556,745.86,INR,2026-08-26,PixelCraft Digital,digital,PXLCRFT*DIGITAL,False,RuPay,IN,Jaipur,True,False,,0,2026-08-26,False,36,False,0,0,0,False,none,False,none,,,
